Ciphertext,Cipher Name
ULXSMOQDLBOUFXOWHA,Quagmire I
YRCDIBXVZOWYPCVFSR,Quagmire II
PEMTKZVCLKQUNQRZXHWNPJ,Quagmire I
BHAUUURUZQFYEOGIYNHFSW,Quagmire II
YPDVKLJDZYVESNDCBAHWPXAF,Quagmire I
ZEMNUQTVEHLKNFMXJRIBSGKS,Quagmire II
IFRRZVTOZLADQNAYXBTYOBHJTO,Quagmire I
DTGBMTGYERKZXFWHYLGPVOSOGY,Quagmire II
KNSLDNUYWKPQZELXQHUO,Quagmire I
UFFRHVYPRQBCAHZGFNYY,Quagmire II
TUGDMHCYSMPVTYGOIATZQVW,Quagmire I
GAQPINKPFEBTGPQSDRGDUNE,Quagmire II
KLIXDFAHOQDTGTRWZQKIZPRD,Quagmire I
URPGHSMWVTHDOZGFMCULECCZ,Quagmire II
IZHNCMPVLWWWODIUHTBCW,Quagmire I
DDNZRABIZFEXJVPVSDLUR,Quagmire II
OZEOBSQUWHYAEANHHJFHOIWTIHZG,Quagmire I
JDISJFXARYZRQJHYSOPWVJEDDWEK,Quagmire II
IURBZZOJVAPKCKUBYIVO,Quagmire I
DAGOMUJXJABPKSBOZIRY,Quagmire II
VGADIZACNBUMDOQTHOPOMJAAS,Quagmire I
RGWPDUMUHOGASYUUSBBYAWKRN,Quagmire II
YRHWWEIVPQSZZXYGUWOGHFW,Quagmire I
ZNNFEKDISTAUACDKGXJGNLE,Quagmire II
XRXFWKTQSCINPGZSLFDZOTVIFX,Quagmire I
FNCLEPGOFXDVBGEDVSSDVULIPC,Quagmire II
MBCRALCEUPLIPDYOGNEDIF,Quagmire I
WKLBKQKHBCVIBVDSOVQVPL,Quagmire II
SCAAYFFZMJBUWVFTPVIGYVNJUN,Quagmire I
NUWAZSPDAWJYHIOUBTDGDNNOYF,Quagmire II
VAUCFIWNURJJMACKBURQAUZOLFRT,Quagmire I
RJBXPIHFBBTOWJLQJYCOWVMBVTGU,Quagmire II
KXDKFCUKAANEYXBPGOCHBOCYQSTZC,Quagmire I
UCMQPMYSWANKZCKCOBKWKSREXMTIR,Quagmire II
RCCKJBVTPFJNTMXOQDDW,Quagmire I
CULQTLRZSLTVGQCSFZSB,Quagmire II
EIKIGDSMPKYANVLZLTYKFWXWRZXE,Quagmire I
QLYJOZNQSQZREIZIVDZSOFYXCDCM,Quagmire II
IURVVJLKXZSZEBZCCVVQKRCRWX,Quagmire I
DAGNLOVSCIAUQKEXRTROYBRHHC,Quagmire II
MVKWQMLXBSVHDRMYCTAVQTVXOKCP,Quagmire I
WIYFFAVCKDLNSNAHRDMIUULWJSLC,Quagmire II
PRFVNGLZVDLZEZCHRMRDGH,Quagmire I
BNONNJVDJPVUQDLYCACVQY,Quagmire II
DQMXMOVPDOOVSQOTIDSEHGJRBHASEQ,Quagmire I
SOAGIBREMSWTNOVUDZNHNKTHLWWDQC,Quagmire II
HCDXAMTTISSYSOQRXXZBBRBX,Quagmire I
IUMGKAGZPDAENYUBYWAKKBJW,Quagmire II
XMCMRVDGGAOUISMZLVBV,Quagmire I
FQLECTSGQAWYDMAIVTLI,Quagmire II
QJSVCLYVHGXDQLHKZPUHSM,Quagmire I
XXFNRQZINKYZXRNQMGYWFE,Quagmire II
LFCIZYNTROAXBSCFJIEXQQHSXVK,Quagmire I
VTLJMEEZGSKWLMLLTIQCUTSFFIY,Quagmire II
KOSWQFKSMRLTTKXHSXOOV,Quagmire I
UYFFFSUMABVDGSCYAWJYJ,Quagmire II
UPUMHWZIFMCLJRYUEHXTHTVTNA,Quagmire I
YEBESXALOERQTNDVQNFZNULDEJ,Quagmire II
YWFFLDQKQBRRYZWIFGSEDT,Quagmire I
ZBOLVZXSUOCHZDRJPJNHMU,Quagmire II
EQBAIZKGMXRUJXENWGHDTZDKMJZNN,Quagmire I
QOKADUUGAGCYTCIZEJIVTIHPWXEZN,Quagmire II
UELGVPOMLEFJFVWNIFYYJOUPYVJGV,Quagmire I
YHZKLGJQZMPOPIRZDSZPXSGGZIXKL,Quagmire II
QOQVNWPYXTHUJIRMSVRUKU,Quagmire I
XYUNNXBPCUSYTLGEATCAYV,Quagmire II
TFADZVCTBDBBAAYZIWKD,Quagmire I
GTWPMTKZKPJLMJDIDXUV,Quagmire II
QEQYAFNMNABBSCSWBEISGSNMBY,Quagmire I
XHUHKSEQHAJLNUFFJKDMQDNALP,Quagmire II
KTQJYUJAJYEKYZOSLNPMAP,Quagmire I
UZUWZYTJXHQPZDVDVVBQWC,Quagmire II
ELYWNACRNAZFKEYBBYVT,Quagmire I
QRDFNRKNHAMSUHDOJERZ,Quagmire II
SWARWAITEFWZUPNJSWQFLMBCF,Quagmire I
NBWBERDZILEUYEHWAXXTZEJMP,Quagmire II
CUUPMGGXBYDCPASEELZE,Quagmire I
KABCIJOCKHHMBJFMQQAH,Quagmire II
MHAPYVSMCPQQUQUWSFFNBXUOFZF,Quagmire I
WWWCZTNQLCFCYOBFASPFKGGBPDO,Quagmire II
POWHFMKGBABMJQGDYSVYLDVJHC,Quagmire I
BYRYPAUGKAJATOQPZFRPZPLOIU,Quagmire II
VCRDKKGLWJECKSUHAZKSXNTMPOFS,Quagmire I
RUGPUPORRWQMUMBYKUUMCZXABYOD,Quagmire II
QZMPIXOYTYQVHXLKQGC,Quagmire I
XDACDWJPTHFTICZQFJK,Quagmire II
HVRKCVIALUTTSEHXNDXNNOWQNQXX,Quagmire I
IIGQRTDJZVXDNHNGNZFFHSECEOCG,Quagmire II
MPKCHEKAARBJSRSQACCDKTH,Quagmire I
WEYXSKUJWBJONNFTKMKVYUS,Quagmire II
TBMZXMDRTLCDWYJZFC,Quagmire I
GKAIYASNTRRZHPXIPM,Quagmire II
SCASKQPYOWPBHPVOCXBOUJK,Quagmire I
NUWDUCBPVFBLIEJSRWLYBWU,Quagmire II
REQSUDRULYAAEOXJYONBCTFVVU,Quagmire I
CHUDGZCAZHKRQYCWZBEKLUPTRA,Quagmire II
ETPFEXAEGMOBZAIRMGVHJGJJ,Quagmire I
QZSLQWMHQEWLAJPBIJRWXKTO,Quagmire II
IRLFMUEYVDAJBHBSBLUVGFA,Quagmire I
DNZLIYQPJPKOLWKDJQYIQLK,Quagmire II
IGXYCKAXHTTJFKKOKVT,Quagmire I
DGCHRPMCNUXOPSYSUTG,Quagmire II
DBDHWWWBDOFITONBAIMCEBQOVGLZ,Quagmire I
SKMYEXHKMSPIGYHOKIWUIOFBRGZI,Quagmire II
KIHDXVZQXMUUQILIFYZWMBIXJ,Quagmire I
ULNPYTAOCEGYXLZJPEABAODWT,Quagmire II
FURQNUDPXIPSMQOVJOGFB,Quagmire I
PAGTNYSECJBFWOVNTBOTK,Quagmire II
YUPWHPZUOBHODMSDZNUAERGAU,Quagmire I
ZASFSGAAVOSBSQFPMVYJIBORY,Quagmire II
AEUYLTABZDFJDOAJUXBBXT,Quagmire I
MHBHVDMKEPPOSYWWGWLKCU,Quagmire II
CRJECFTATYUONHKMCEFXSAU,Quagmire I
KNXMRSGJTHGBEWYERKPCFAG,Quagmire II
VNSWRQOTYDMDMINZLGZIKC,Quagmire I
RFFFCCJZDPIZWLHIVJALYX,Quagmire II
YLZTDQKDCYDRKYISEDXIQLXXYRG,Quagmire I
ZREUHCUVLHHHUPPDQZFLURYWZNQ,Quagmire II
HITTHWDMUMKIBVYUZTQNJJPVR,Quagmire I
ILTUSXSQBEUILIDVMDXFXWBTC,Quagmire II
JCBOWSDTNQFSFQCPPRDXDCGMS,Quagmire I
TUKSEFSZHTPFPOLCBHSCMXOAN,Quagmire II
VGNAXZZFPAADZELOXDCGCCRENG,Quagmire I
RGHAYUATSAKZAHZSYZKGLXCKEG,Quagmire II
JPJSOZWXJPNLLLZYNZXDTOKTRUH,Quagmire I
TEXDWUHCXCNQVREHNUFVTSUDCAN,Quagmire II
OZFDMEDSDILCOEBMYSTVY,Quagmire I
JDOPIKSMMJVMJHKEZFGID,Quagmire II
YWXAMSFLMNHKKUWEUXKLWZ,Quagmire I
ZBCAIFPRAZSPUARMGWURRI,Quagmire II
YELTOIVHGVZBJBIEPVVSGBQFQ,Quagmire I
ZHZUWIRWQNMLTKPMBTRMQOFSX,Quagmire II
SEHKQYIMDKYSOFMIGYGRVENLFEW,Quagmire I
NHNQFEDQMQZFJTAJOEONJMNQPHR,Quagmire II
IUDSHNUOEEANNZSSWNNNDEZKCA,Quagmire I
DAMDSVYYIMKVEDFDEVEFMMMPKJ,Quagmire II
LXDELOQHDZQTQAVDWDYFOEADJBAYE,Quagmire I
VCMMVBXWMIFDXJJPEZZTVMKZTKWHQ,Quagmire II
VHCGAEQSFJSTBYWUYHZGRUOJPTI,Quagmire I
RWLKKKXMOWADLPRVZNAGGVWOBZP,Quagmire II
OBBYJWSWLBKYHBNRUNSC,Quagmire I
JKKHTXNBZOUEIKHBGVNU,Quagmire II
UNIJIKOXFSZKJIBWCUPOUWSRVOW,Quagmire I
YFPWDPJCODMPTLKFRYBYBFAHRYR,Quagmire II
AGCGGGOPZCKAMIKIBYSYMTEABDKKR,Quagmire I
MGLKOJJEEXURWLYJJENPAUQRLVYQC,Quagmire II
RZVTQMIXAIZTCQRWICPHDQC,Quagmire I
CDJUFADCWJMDKOGFDMBWMTR,Quagmire II
PFXOGSILRPKAPNAWYTHBOITG,Quagmire I
BTCSOFDRGCURBFWFZDIKVJXJ,Quagmire II
ATILZAORDZSYRXQQWLDHHAKPVBRH,Quagmire I
MZPRMRJNMIAECCUTEQSWNAUGRKGY,Quagmire II
UZOIFTGJPHXJTPQYOYCSUDCGCHMLB,Quagmire I
YDVJPDOXSYYOGEUHWEKMBPRJKWARJ,Quagmire II
TXTUBSHGUXGWKPSBRSFSD,Quagmire I
GCTVJFIGBGOXUEFOCFPMM,Quagmire II
ANKPVVGQAFORKYVAQGITPATOISNG,Quagmire I
MFYCLTOOWLWHUPJAFJDZSAXBDMHK,Quagmire II
UXEGCFBJVLDXSXUBOWUQKLB,Quagmire I
YCIKRSLXJRHWNCBOWXYOYRJ,Quagmire II
TYDGQDNLNSBJAQGIXSFH,Quagmire I
GPMKFZERHDJOMOQJYFPW,Quagmire II
RORJZCNQFFLAORTWRGELGQPJ,Quagmire I
CYGWMMEOOLVRJNTFCJQRQTBO,Quagmire II
PLYMIVXXPXLHXPXTEEKXKCMAWU,Quagmire I
BRDEDTFCSGVNFECUQKUCYXIRHA,Quagmire II
PJIWIFWVJTAIYLYMTFUDXETBEJMR,Quagmire I
BXPFDSHIXUKIZRDEXSYVCMXLQXAB,Quagmire II
AIPMHVHOKFOAIKVDGWXVCNFOHQUF,Quagmire I
MLSESTIYYLWRDSJPOXFILZPBIOBL,Quagmire II
BBXREOTVAILKIJHCGQIPIMTSHNY,Quagmire I
LKCBQBGIWJVPDXNXOCDEPEXFIFD,Quagmire II
KQHBTGDAAVWXERYZXMOQGJYE,Quagmire I
UONOXJSJWNEWQNDIYAJOQWZK,Quagmire II
ZORUHUEELQOZVVPVRUGPZHZSBS,Quagmire I
AYGVSYQHZTWURISNCYOEEYMFLM,Quagmire II
ILFVLWBVOORDKLLNHFHMUM,Quagmire I
DRONVXLIVSCZURZZSSIQBE,Quagmire II
ZUEERYWKXFNIPNVTAHMECRFDGUDO,Quagmire I
AAIMCEHSCLNIBFJUKNWHLBPZOAMS,Quagmire II
DSUIDUYPXSHGHFPRTEILI,Quagmire I
SMBJHYZECDSJITSBXKDRP,Quagmire II
IFFVBHMAPLLRVYVCEUPARLYOC,Quagmire I
DTONJNWJSRVHRPJXQYBJGRZBK,Quagmire II
XZHDGSDNZXUPJGNSCHZVMHDEZHANIP,Quagmire I
FDNPOFSFEGGGTGHDRNAIAYHKAWWZDG,Quagmire II
DNYNNEIWMBBREGGFQCZAJFLIQT,Quagmire I
SFDZNKDBAOJHQGQLFMAJXLVIXZ,Quagmire II
MBXZEECDMPPDJYYYAHTDURXBKLXXL,Quagmire I
WKCIQKKVACBZTPDHKNGVBBYLURCGV,Quagmire II
QWIOBIURMCLZZGFOXKNWGMNBHR,Quagmire I
XBPSJIYNAXVUAGOSYPEBQENLIN,Quagmire II
RUWEBGRMOHEMXFEEDCWO,Quagmire I
CARMJJCQVYQAFTIMHMHY,Quagmire II
OILVOICGYSBFTPDBPOOAMWM,Quagmire I
JLZNWIKGDDJSGEMOBBJJAFI,Quagmire II
OVCJCLJCSBRGFNREIYQK,Quagmire I
JILWRQTUFOCJPFGMDEXS,Quagmire II
IRAAFALKSVXILGXJTQQB,Quagmire I
DNWAPRVSFNYIVGCWXCXK,Quagmire II
CBEHWNDKJJKDKYJSJRWZL,Quagmire I
KKIYEVSSXWUZUPXDTHHDZ,Quagmire II
RIUXIYKVPCNQTEOOFZKFMSBRTO,Quagmire I
CLBGDEUISXNCGHVSPUUTADJHGY,Quagmire II
BMPUVPHKDSFVBARJQWVBUC,Quagmire I
LQSVLGISMDPTLJGWFXRKBX,Quagmire II
CJKHSEMQEIMCKUBTNRHRWKS,Quagmire I
KXYYAKWOIJIMUAKUNHINRQA,Quagmire II
OREYBLNVDDBVUETCOD,Quagmire I
JNIHJQEIMPJTYHTXWZ,Quagmire II
FGAQJCRNJYDHSMQNHGAIUJHKYEH,Quagmire I
PGWTTMCFXHHNNQUZSJMLBWSPZHN,Quagmire II
IYWMPRZVQPCJSTKOHPN,Quagmire I
DPREBHAIUCRONZYSSGE,Quagmire II
LVNIUFTPLHLGFTAIMYPBERNDYQI,Quagmire I
VIHJGSGEZYVJPZWJIEBKIBNZZOP,Quagmire II
THQKSFFJCQIAMTNGZFSCVMQNASZZ,Quagmire I
GWUQASPXLTDRWZHKMSNUJEFVMMEI,Quagmire II
APHSPMYIIJLFQQVSDXVBFCWB,Quagmire I
MENDBAZLPWVSXOJDHWRKOXEL,Quagmire II
RFHAOQBLMNRDPOOWHQH,Quagmire I
CTNAWCLRAZCZBYVFSCI,Quagmire II
UIQIQJKAJRUHRLHATPGABUBXC,Quagmire I
YLUJFOUJXBGNCRNAXGOJKVJWK,Quagmire II
GXEGVDJWNQEWZBSJVTACYPW,Quagmire I
OCIKLZTBHTQXAKFWLDMUDCE,Quagmire II
GRZEHDARLWMMWDADBILHMML,Quagmire I
ONEMSZMNZFIAHVWPJIVWAEV,Quagmire II
AUTACPZFIQXRUPNSIZMXP,Quagmire I
MATARGATPTYHYEHDDUWCS,Quagmire II
IFQURSJNOZSWRQTYPNLHUJ,Quagmire I
DTUVCFTFVIAXCOTHBVVWBW,Quagmire II
LHNUTADDYOKVYRGEBNC,Quagmire I
VWHVXRSVDSUTZNQMJVK,Quagmire II
PLCJCWYJUTWBMNQFKRULBIO,Quagmire I
BRLWRXZXBUELWFULUHYRKJW,Quagmire II
OQHYDNKVSRYWJZDZUVR,Quagmire I
JONHHVUIFBZXTDMIGTC,Quagmire II
FDUOYSILYMMAFXHCEYCFO,Quagmire I
PVBSZFDRDEIRPCNXQEKTV,Quagmire II
PUANVZANITRPYSAHCHNIFMSQLZYD,Quagmire I
BAWZLUMFPUCGZMWYRNELOEACVDDP,Quagmire II
NOFNUDEYCPAKJZQCLFBOQBZGOAO,Quagmire I
EYOZGZQPLCKPTDUXVSLYUOMJJJV,Quagmire II
MFUTYVOPASVIKLSWUXFEHSLCMWKU,Quagmire I
WTBUZTJEWDLIURFFGWPHNDVMWBYV,Quagmire II
LIAJUPAWAHEYBNQAGAUDMIPFYEJ,Quagmire I
VLWWGGMBWYQELFUAORYVAJBSZHX,Quagmire II
XEGYMTNRLXRWHYZCVOEAFV,Quagmire I
FHQHIDENZGCXIPEXLBQJON,Quagmire II
GYVTMCFJTWIVQSHYCPPF,Quagmire I
OPJUIMPXTFDTXMNHRGBT,Quagmire II
MFDFVANHWDIIHAMVLDGTWVCPC,Quagmire I
WTMLLREWRPDIIJANVZOZRNRGK,Quagmire II
ZJUUWYVLVQXRNVYSFOXCMOUDEC,Quagmire I
AXBVEERRJTYHEIDDPBFUASGZQU,Quagmire II
DLUFKSRHDZAVXMUDOBTI,Quagmire I
SRBLUFCWMIKTFQBPWLGL,Quagmire II
QUQYVZKEFAVPTEEWCDZQCNIRP,Quagmire I
XAUHLUUHOALGGHIFRZAOLZDHB,Quagmire II
CIWHJUNVQAMBQHRKDJVICCMUVTKWZI,Quagmire I
KLRYTYEIUAILXWGQHORLLXIYRZYFMI,Quagmire II
PURUEBTYZEWQKNQLSWYOWSUK,Quagmire I
BAGVQLGPEMECUFURAXZYRDGP,Quagmire II
GJTANCPRHDNKNIMOXZBNNWWSEWRG,Quagmire I
OXTANMBNNPNPELASYULFHFEFQBGK,Quagmire II
QYSCORIRZWOOVJHXELVQUI,Quagmire I
XPFXWHDNEFWBRXNGQQROBJ,Quagmire II
BOTEZVYKZJPNLPOZOLDFLGFVLM,Quagmire I
LYTMMTZSEWBVVEVIWQSTZKPTVQ,Quagmire II
OHJBXAJCJCSHZYILGINQEMXS,Quagmire I
JWXOYRTUXXANAPPROIEOIEYF,Quagmire II
YAVVYLWGQSATQCUPFIOVLA,Quagmire I
ZJJNZQHGUDKDXUBCPIJIZA,Quagmire II
WJNOCKTWNCCLJMFXOEISAUJTL,Quagmire I
HXHSRPGBHXRQTQOGWKDMWVTDV,Quagmire II
FQPNULDLWWRNEKIHOCZJIYUZJ,Quagmire I
POSZGQSRRFCVQSPYWMAXPHGUT,Quagmire II
HJWEZOGLGAOVGZOBOXWWSBOKVXZ,Quagmire I
IXRMMBORQAWTODVOWWHBFOWPRCE,Quagmire II
FXONOETMJGPWEXDLWWP,Quagmire I
PCVZWKGQXKBXQCMREXB,Quagmire II
FDQATLGOCKZDIJYJKUJO,Quagmire I
PVUAXQOYLQMZDXDWUYTY,Quagmire II
OEDSQEPNYAZQXDIHTCOTKR,Quagmire I
JHMDFKBFDAMCFVPYXMJZYB,Quagmire II
SBWRBIUGEBKOAHZIKEPGAATYBHJQK,Quagmire I
NKRBJIYGIOUBMWEJUKBGWAXELWXTU,Quagmire II
NNZITIRONFLPLJLVUUKHELJTWR,Quagmire I
EFEJXICYHLVGVXZNGYUWIRTDHN,Quagmire II
LQSTXTZEUWTLKLDTAFKDH,Quagmire I
VOFUYDAHBFXQURMUKSUVN,Quagmire II
UAEVTXPGLHDZZHNYRNUD,Quagmire I
YJINXWBGZYHUAWHHCVYV,Quagmire II
QOYUFYSVJTCFGPJIHIHOP,Quagmire I
XYDVPENIXURSOEXJSIIYS,Quagmire II
UEEZOYVDPHHFQBGTBYGKESLQL,Quagmire I
YHIIWERVSYSSXKQUJEOSIDVCV,Quagmire II
CQHKFAZAXNHVBTEQCSAG,Quagmire I
KONQPRAJCZSTLZITRFMG,Quagmire II
DWRKSHFGQQRKNWQSXEJPWTTERWDZ,Quagmire I
SBGQANPGUTCPEBUDYKTERUXKCBMI,Quagmire II
VMTSNHEPJUVHDVSWAFXJXJ,Quagmire I
RQTDNNQEXVLNSIFFKSFXCW,Quagmire II
CKTRRUBKDSJBKWXAFMGYRDGUH,Quagmire I
KSTBCYLSMDTLUBCAPAOPGPOYI,Quagmire II
ITOEANFTDIOPOYYZSNFMGQAE,Quagmire I
DZVMKVPZMJWGJPDIAVPQQTKK,Quagmire II
HQLIQWKFGGHBENNAQVDIP,Quagmire I
IOZJFXUTQKSLQFHAFTSLS,Quagmire II
ZZUQTCUMRKFPGVJSPEV,Quagmire I
ADBTXMYQGQPGOIXDBKR,Quagmire II
GGORXOZCNBHOOWUUUSMGYFRI,Quagmire I
OGVBYBAUHOSBJBBVGFWGDLCI,Quagmire II
HQYZGBLYNAVEQJFOAGEAETQZGEJ,Quagmire I
IODIOLVPHALKXXOSKJQJIUFUOHX,Quagmire II
AKPICFXLACDGQMDCXVURDMOPLRD,Quagmire I
MSSJRSFRWXHJXQMXYTYNMEWGVNM,Quagmire II
RTIUZEBXAUJHCVBWCIQXVGC,Quagmire I
CZPVMKLCWVTNKIKFRIXCJKR,Quagmire II
LWFFJXTSFUDIAHYWJOLNKE,Quagmire I
VBOLTWGMOVHIMWDFTBVFYM,Quagmire II
PWVVJRCMYLZUHSODTKKQYDXRNHGGQ,Quagmire I
BBJNTHKQDRMYIMVPXPUODPYHEWQKF,Quagmire II
ZBITJRKIOJLKBUEXCCIIGFHEV,Quagmire I
AKPUTHULVWVPLAIGRMDLQLSKR,Quagmire II
UENJOGPIGMEETFMYEWCRGNY,Quagmire I
YHHWWJBLQEQKGTAHQXKNQZZ,Quagmire II
BAVTKQWJBVALLUQYENSSW,Quagmire I
LJJUUCHXKNKQVAUHQVNMR,Quagmire II
SYIDSATMKVBIXLTYGMEVJZWXSIX,Quagmire I
NPPPARGQYNJIFRTHOAQIXIEWNLC,Quagmire II
ANTFNYTBJAORDUSIKOWTM,Quagmire I
MFTLNEGKXAWHSAFJUBHZA,Quagmire II
NWQQNGFQEKBVEYDXIROCRKTTLQ,Quagmire I
EBUTNJPOIQJTQPMGDHJUGQXDVO,Quagmire II
NRRVCYFNKARHKHBBVHISJUZVYMAB,Quagmire I
ENGNREPFYACNUWKOLNDMXVMTZQWO,Quagmire II
JYWMFCQFYYMHNHIILZC,Quagmire I
TPREPMXTDHINEWPJVUK,Quagmire II
UAORIKKAJSNEDQKKASKWEZ,Quagmire I
YJVBDPUJXDNKSOYQKFUBII,Quagmire II
SYRBLYYFYBGCKKBLWIXCXXNWC,Quagmire I
NPGOVEZTDOOMUSKREIFUCGNXK,Quagmire II
UXSKZPQMCLLKFQILUYEBPLJMNM,Quagmire I
YCFQMGXQLRVPPOPRGEQKSRTAEQ,Quagmire II
OGGIECZTVRMTOQJBOLQVKD,Quagmire I
JGQJQMAZJBIDJOXOWQXIYP,Quagmire II
GPNZJTSFZNEPINPDTXLCJMAGCSZQ,Quagmire I
OEHITDNTEZQGDFSPXWVUXEKJKMET,Quagmire II
ACNMOTDNHNXOGOXUXUVXINTOOBTBJA,Quagmire I
MUHEWDSFNZYBOYCVYYRCPZXBJKTOTR,Quagmire II
DVBXVXTQPDVHLUOOIUZJAAQIXFEH,Quagmire I
SIKGLWGOSPLNVAVSDYAXWAFIFTIY,Quagmire II
NPVYPSSIZAABFHWHTQL,Quagmire I
EEJHBFNLEAKLPWRYXCV,Quagmire II
PYTJTBSFNZHITCJZFZWCPEYADL,Quagmire I
BPTWXLNTHISIGUXIPUHUSMZRSR,Quagmire II
HJLNDETIIADEEXYSCXSP,Quagmire I
IXZZHKGLPAHKQCDDRWNE,Quagmire II
RBMUUEAVWKFBXXQINULJVCTXUT,Quagmire I
CKAVGKMIRQPLFCUJNYVXJXXWYZ,Quagmire II
JDLQVZGHFMOWGGYXNBCTCUZKDXS,Quagmire I
TVZTLUOWOEWXOGDGNLKZLVMPSCF,Quagmire II
SZESEVQUUBLFSVNCNOESTNTLPBFN,Quagmire I
NDIDQTXABOVSNIHXNBQMTZXQBKOZ,Quagmire II
MRKWQEDDMMNDRDJJIRVVYFDJSPKE,Quagmire I
WNYFFKSVAENZCVXWDHRIDLHONEYM,Quagmire II
ZCYSERBLQLORHAFAAYSEMDAYO,Quagmire I
AUDDQHLRURWHIJOAKENHAPKEJ,Quagmire II
ZIRGJUBWIMNCQFZEGTKX,Quagmire I
ALGKTYLBPENMXTEMODUC,Quagmire II
BZPIGNTWSZIGCILXVQNPJUR,Quagmire I
LDSJOVGBFIDJKLZGLCEEXVC,Quagmire II
HDHTUSPDHNGPOHEVMFQTRQWWWNB,Quagmire I
IVNUGFBVNZOGJWINISXZGTEXHFK,Quagmire II
OBUGLWXIHOCURVSPWRUIFOXR,Quagmire I
JKBKVXFLNSRYCIFCEHYLOSYH,Quagmire II
KPMEMRKSYJSKFGKJAJCAQYBUNW,Quagmire I
UEAMIHUMDWAPPGYWKOKJUHJYEB,Quagmire II
NDVZAKGUSFZQAEKYOIFHOVXBD,Quagmire I
EVJIKPOAFLMCMHYHWIPWVNYLS,Quagmire II
XEROGMBHIDDFJGUPLMGFACEX,Quagmire I
FHGSOALWPPHSTGBCVAOTWXQW,Quagmire II
NLGXDHVBQEOJWMZCZUXLDYS,Quagmire I
ERQGHNRKUMWOHQEXMYFRMHA,Quagmire II
PQEBDWWIZJKBOTBAYIZSQF,Quagmire I
BOIOHXHLEWULJZKAZIAMUL,Quagmire II
ZHJCDZOWHDDQQXRWJEOCPVTBC,Quagmire I
AWXXHUJBNPHCXCGFTKJUSNXLK,Quagmire II
VCBGUROFXJDQQRVBNPBJOVNKBGQLG,Quagmire I
RUKKGHJTCWHCXNJONGLXVNNPLGURO,Quagmire II
QEJWVJPMWXSYIAESXWUUYQRO,Quagmire I
XHXFLOBQRGAEDJIDYXYADTCB,Quagmire II
JVXBZDFSYFAIUPPCEVVAG,Quagmire I
TICOMZPMDLKIYESXQTRJQ,Quagmire II
TIUEFJSNSHRQHUSHRRQFU,Quagmire I
GLBMPONFFYCCIAFYCHXTB,Quagmire II
FRRSFIFDUQUVDZXJAFQG,Quagmire I
PNGDPIPVBTGTSDCWKSXG,Quagmire II
